Workbook

Sheet README
A1: D2C Wallet Transactions — Assignment Solutions
A3: Scope
A4: Source: Data_Set.pdf (Google Sheets export, 18 pages). Text was garbled by the PDF's text-extraction order; the underlying table was reconstructed using each word's (x, y) coordinates on the page, then cross-validated (467/467 rows: derived month from Transaction Time matches the stated Month column; 0 duplicate Txn_ids; 0 missing fields).
A6: Schema
A7: • Narration = payment rail (IMPS / IFT / NEFT / RTGS / UPI).
A8: • Transaction Type = direction (CREDIT = money in, DEBIT = money out).
A9: • Month / Month2 in the source were duplicate columns, both equal to MONTH(Transaction Time); dropped after validation.
A11: Key assumption
A12: "Load amount" (Q3) is read as the amount of CREDIT transactions — i.e. money loaded onto the account via IMPS/NEFT/RTGS/UPI/IFT — mirroring how Q5 uses DEBIT − CREDIT as "net amount" (DEBIT = spend, CREDIT = load).
A14: Note on Q2
A15: The question names 4 categories (UPI, IMPS, RTGS, NEFT); the data contains a 5th — IFT (83 txns, 17.8%) — reported for completeness.
A17: Note on Q5
... A20: Every figure in this workbook (except the two chart images and the User-ID list) is a live formula referencing the Data sheet, so it recalculates if the source rows change.

Sheet Data
A1: Transaction Time | B1: User Id | C1: Transaction Amt | D1: Narration | E1: Transaction Type | F1: Txn_id | G1: Load Amt (CREDIT only) | H1: IMPS Debit Amt | I1: Txn Month
A2: 43832 | B2: 7 | C2: 5496 | D2: IMPS | E2: CREDIT | F2: BAE59856 | G2: =IF(E2="CREDIT",C2,"") -> 5496 | H2: =IF(AND(D2="IMPS",E2="DEBIT"),C2,"") | I2: =MONTH(A2) -> 1
A3: 43832 | B3: 5 | C3: 4994 | D3: IMPS | E3: DEBIT | F3: EA567B31 | G3: =IF(E3="CREDIT",C3,"") | H3: =IF(AND(D3="IMPS",E3="DEBIT"),C3,"") -> 4994 | I3: =MONTH(A3) -> 1
A4: 43832 | B4: 4 | C4: 2282 | D4: IFT | E4: CREDIT | F4: 8F2BF2D7 | G4: =IF(E4="CREDIT",C4,"") -> 2282 | H4: =IF(AND(D4="IMPS",E4="DEBIT"),C4,"") | I4: =MONTH(A4) -> 1
A5: 43833 | B5: 3 | C5: 7732 | D5: IFT | E5: CREDIT | F5: B14E97B6 | G5: =IF(E5="CREDIT",C5,"") -> 7732 | H5: =IF(AND(D5="IMPS",E5="DEBIT"),C5,"") | I5: =MONTH(A5) -> 1
A6: 43833 | B6: 2 | C6: 2462 | D6: UPI | E6: CREDIT | F6: FDCA61BA | G6: =IF(E6="CREDIT",C6,"") -> 2462 | H6: =IF(AND(D6="IMPS",E6="DEBIT"),C6,"") | I6: =MONTH(A6) -> 1
A7: 43834 | B7: 9 | C7: 1896 | D7: IMPS | E7: CREDIT | F7: F23D8CD9 | G7: =IF(E7="CREDIT",C7,"") -> 1896 | H7: =IF(AND(D7="IMPS",E7="DEBIT"),C7,"") | I7: =MONTH(A7) -> 1
A8: 43834 | B8: 3 | C8: 5742 | D8: IMPS | E8: DEBIT | F8: 1C3F824B | G8: =IF(E8="CREDIT",C8,"") | H8: =IF(AND(D8="IMPS",E8="DEBIT"),C8,"") -> 5742 | I8: =MONTH(A8) -> 1
A9: 43835 | B9: 1 | C9: 846 | D9: IFT | E9: CREDIT | F9: 288AD8AD | G9: =IF(E9="CREDIT",C9,"") -> 846 | H9: =IF(AND(D9="IMPS",E9="DEBIT"),C9,"") | I9: =MONTH(A9) -> 1
A10: 43836 | B10: 7 | C10: 7646 | D10: IMPS | E10: DEBIT | F10: 0E29A716 | G10: =IF(E10="CREDIT",C10,"") | H10: =IF(AND(D10="IMPS",E10="DEBIT"),C10,"") -> 7646 | I10: =MONTH(A10) -> 1
A11: 43836 | B11: 8 | C11: 5892 | D11: IMPS | E11: CREDIT | F11: FF2A97E9 | G11: =IF(E11="CREDIT",C11,"") -> 5892 | H11: =IF(AND(D11="IMPS",E11="DEBIT"),C11,"") | I11: =MONTH(A11) -> 1
A12: 43836 | B12: 7 | C12: 628 | D12: RTGS | E12: CREDIT | F12: 36DC6B17 | G12: =IF(E12="CREDIT",C12,"") -> 628 | H12: =IF(AND(D12="IMPS",E12="DEBIT"),C12,"") | I12: =MONTH(A12) -> 1
A13: 43837 | B13: 2 | C13: 8911 | D13: IMPS | E13: CREDIT | F13: 39FFC1B6 | G13: =IF(E13="CREDIT",C13,"") -> 8911 | H13: =IF(AND(D13="IMPS",E13="DEBIT"),C13,"") | I13: =MONTH(A13) -> 1
... A468: 44043 | B468: 9 | C468: 6435 | D468: IMPS | E468: CREDIT | F468: 00015390 | G468: =IF(E468="CREDIT",C468,"") -> 6435 | H468: =IF(AND(D468="IMPS",E468="DEBIT"),C468,"") | I468: =MONTH(A468) -> 7

Sheet Q1 - IMPS 7th Highest Debit
B2: Q1) 7th Highest Debit Amount Through IMPS
B4: SQL:
B6: SELECT . FROM transactions WHERE narration='IMPS' AND transaction_type='DEBIT' ORDER BY transaction_amt DESC LIMIT 1 OFFSET 6
B9: Answer: 7th highest IMPS debit amount: | E9: =LARGE(Data!$H$2:$H$468,7) -> 9525
B10: Date: | E10: {=INDEX(Data!$A$2:$A$468,MATCH($E$9,Data!$H$2:$H$468,0))} -> 43846
B11: User ID: | E11: {=INDEX(Data!$B$2:$B$468,MATCH($E$9,Data!$H$2:$H$468,0))} -> 8
B12: Txn ID: | E12: {=INDEX(Data!$F$2:$F$468,MATCH($E$9,Data!$H$2:$H$468,0))} -> 64B08A24
B14: Top 10 IMPS debits (context — rank 7 highlighted):
B15: Rank | C15: Date | D15: User ID | E15: Amount | F15: Txn ID
B16: 1 | C16: {=INDEX(Data!$A$2:$A$468,MATCH(E16,Data!$H$2:$H$468,0))} -> 43929 | D16: {=INDEX(Data!$B$2:$B$468,MATCH(E16,Data!$H$2:$H$468,0))} -> 9 | E16: =LARGE(Data!$H$2:$H$468,B16) -> 9987 | F16: {=INDEX(Data!$F$2:$F$468,MATCH(E16,Data!$H$2:$H$468,0))} -> 613AFBB8
B17: 2 | C17: {=INDEX(Data!$A$2:$A$468,MATCH(E17,Data!$H$2:$H$468,0))} -> 44021 | D17: {=INDEX(Data!$B$2:$B$468,MATCH(E17,Data!$H$2:$H$468,0))} -> 10 | E17: =LARGE(Data!$H$2:$H$468,B17) -> 9887 | F17: {=INDEX(Data!$F$2:$F$468,MATCH(E17,Data!$H$2:$H$468,0))} -> EE06FC09
B18: 3 | C18: {=INDEX(Data!$A$2:$A$468,MATCH(E18,Data!$H$2:$H$468,0))} -> 43885 | D18: {=INDEX(Data!$B$2:$B$468,MATCH(E18,Data!$H$2:$H$468,0))} -> 3 | E18: =LARGE(Data!$H$2:$H$468,B18) -> 9872 | F18: {=INDEX(Data!$F$2:$F$468,MATCH(E18,Data!$H$2:$H$468,0))} -> 7641EB77
B19: 4 | C19: {=INDEX(Data!$A$2:$A$468,MATCH(E19,Data!$H$2:$H$468,0))} -> 44026 | D19: {=INDEX(Data!$B$2:$B$468,MATCH(E19,Data!$H$2:$H$468,0))} -> 5 | E19: =LARGE(Data!$H$2:$H$468,B19) -> 9863 | F19: {=INDEX(Data!$F$2:$F$468,MATCH(E19,Data!$H$2:$H$468,0))} -> 834C909F
B20: 5 | C20: {=INDEX(Data!$A$2:$A$468,MATCH(E20,Data!$H$2:$H$468,0))} -> 43967 | D20: {=INDEX(Data!$B$2:$B$468,MATCH(E20,Data!$H$2:$H$468,0))} -> 4 | E20: =LARGE(Data!$H$2:$H$468,B20) -> 9743 | F20: {=INDEX(Data!$F$2:$F$468,MATCH(E20,Data!$H$2:$H$468,0))} -> 53258869
B21: 6 | C21: {=INDEX(Data!$A$2:$A$468,MATCH(E21,Data!$H$2:$H$468,0))} -> 43979 | D21: {=INDEX(Data!$B$2:$B$468,MATCH(E21,Data!$H$2:$H$468,0))} -> 3 | E21: =LARGE(Data!$H$2:$H$468,B21) -> 9566 | F21: {=INDEX(Data!$F$2:$F$468,MATCH(E21,Data!$H$2:$H$468,0))} -> 8D2D3F20
B22: 7 | C22: {=INDEX(Data!$A$2:$A$468,MATCH(E22,Data!$H$2:$H$468,0))} -> 43846 | D22: {=INDEX(Data!$B$2:$B$468,MATCH(E22,Data!$H$2:$H$468,0))} -> 8 | E22: =LARGE(Data!$H$2:$H$468,B22) -> 9525 | F22: {=INDEX(Data!$F$2:$F$468,MATCH(E22,Data!$H$2:$H$468,0))} -> 64B08A24
B23: 8 | C23: {=INDEX(Data!$A$2:$A$468,MATCH(E23,Data!$H$2:$H$468,0))} -> 43858 | D23: {=INDEX(Data!$B$2:$B$468,MATCH(E23,Data!$H$2:$H$468,0))} -> 1 | E23: =LARGE(Data!$H$2:$H$468,B23) -> 9450 | F23: {=INDEX(Data!$F$2:$F$468,MATCH(E23,Data!$H$2:$H$468,0))} -> BDF20BCA
B24: 9 | C24: {=INDEX(Data!$A$2:$A$468,MATCH(E24,Data!$H$2:$H$468,0))} -> 43938 | D24: {=INDEX(Data!$B$2:$B$468,MATCH(E24,Data!$H$2:$H$468,0))} -> 7 | E24: =LARGE(Data!$H$2:$H$468,B24) -> 9434 | F24: {=INDEX(Data!$F$2:$F$468,MATCH(E24,Data!$H$2:$H$468,0))} -> B0EEB2E7
B25: 10 | C25: {=INDEX(Data!$A$2:$A$468,MATCH(E25,Data!$H$2:$H$468,0))} -> 43993 | D25: {=INDEX(Data!$B$2:$B$468,MATCH(E25,Data!$H$2:$H$468,0))} -> 4 | E25: =LARGE(Data!$H$2:$H$468,B25) -> 9337 | F25: {=INDEX(Data!$F$2:$F$468,MATCH(E25,Data!$H$2:$H$468,0))} -> 47625EBE

Sheet Q2 - Category Counts
B2: Q2) Number of Transactions, Category-wise
B3: SQL: SELECT narration, COUNT(*) FROM transactions GROUP BY narration ORDER BY COUNT(*) DESC
B5: Category | C5: Txn Count | D5: % of Total
B6: IMPS | C6: =COUNTIF(Data!$D$2:$D$468,B6) -> 254 | D6: =C6/SUM($C$6:$C$10) -> 0.54389722
B7: IFT | C7: =COUNTIF(Data!$D$2:$D$468,B7) -> 83 | D7: =C7/SUM($C$6:$C$10) -> 0.17773019
B8: UPI | C8: =COUNTIF(Data!$D$2:$D$468,B8) -> 79 | D8: =C8/SUM($C$6:$C$10) -> 0.16916488
B9: NEFT | C9: =COUNTIF(Data!$D$2:$D$468,B9) -> 30 | D9: =C9/SUM($C$6:$C$10) -> 0.064239829
B10: RTGS | C10: =COUNTIF(Data!$D$2:$D$468,B10) -> 21 | D10: =C10/SUM($C$6:$C$10) -> 0.04496788
B11: Total | C11: =SUM(C6:C10) -> 467 | D11: =SUM(D6:D10) -> 1

Sheet Q3 - Load Amount Stats
B2: Q3) Load Amount: Statistical Summary, Bell Curve, Box Plot
B3: "Load amount" = Transaction Amt where Transaction Type = CREDIT (see README).
B5: Metric | C5: Value
B6: Count | C6: =COUNT(Data!$G$2:$G$468) -> 327
B7: Mean | C7: =AVERAGE(Data!$G$2:$G$468) -> 4857.7309
B8: Median | C8: =MEDIAN(Data!$G$2:$G$468) -> 4699
B9: Mode | C9: =MODE(Data!$G$2:$G$468) -> 715
B10: Std Dev | C10: =STDEV(Data!$G$2:$G$468) -> 2895.8695
B11: Variance | C11: =VAR(Data!$G$2:$G$468) -> 8386060
B12: Minimum | C12: =MIN(Data!$G$2:$G$468) -> 108
B13: Maximum | C13: =MAX(Data!$G$2:$G$468) -> 9950
B14: Range | C14: =C13-C12 -> 9842
B15: Q1 (25th pct) | C15: =PERCENTILE(Data!$G$2:$G$468,0.25) -> 2378
B16: Q3 (75th pct) | C16: =PERCENTILE(Data!$G$2:$G$468,0.75) -> 7387
B17: IQR | C17: =C16-C15 -> 5009
B18: Skewness | C18: =SKEW(Data!$G$2:$G$468) -> 0.062115943
B19: Kurtosis (excess) | C19: =KURT(Data!$G$2:$G$468) -> -1.2096395
B21: Skewness ≈ 0 → roughly symmetric. Negative excess kurtosis → flatter than a normal curve (platykurtic).

Sheet Q4 - Monthly Cohort
B2: Q4) Monthly Cohort View of Active Users (users doing DEBIT transactions)
B3: Cohort = calendar month of a user's FIRST DEBIT txn. Cell = count of that cohort's users who placed ≥1 DEBIT txn in the column's month.
L5: Helper table (feeds the matrix at left) →
B6: First Month \ Active Month | C6: 43831 | D6: 43862 | E6: 43891 | F6: 43922 | G6: 43952 | H6: 43983 | I6: 44013 | J6: Cohort Size | L6: User | M6: Cohort Month | N6: 1 | O6: 2 | P6: 3 | Q6: 4 | R6: 5 | S6: 6 | T6: 7
B7: 43831 | C7: =SUMPRODUCT(($M$7:$M$16=MONTH($B7))*($N$7:$N$16)) -> 8 | D7: =SUMPRODUCT(($M$7:$M$16=MONTH($B7))*($O$7:$O$16)) -> 5 | E7: =SUMPRODUCT(($M$7:$M$16=MONTH($B7))*($P$7:$P$16)) -> 8 | F7: =SUMPRODUCT(($M$7:$M$16=MONTH($B7))*($Q$7:$Q$16)) -> 7 | G7: =SUMPRODUCT(($M$7:$M$16=MONTH($B7))*($R$7:$R$16)) -> 7 | H7: =SUMPRODUCT(($M$7:$M$16=MONTH($B7))*($S$7:$S$16)) -> 7 | I7: =SUMPRODUCT(($M$7:$M$16=MONTH($B7))*($T$7:$T$16)) -> 8 | J7: =COUNTIF($M$7:$M$16,MONTH($B7)) -> 8 | L7: 1 | M7: =MINIFS(Data!$I$2:$I$468,Data!$B$2:$B$468,$L7,Data!$E$2:$E$468,"DEBIT") -> 1 | N7: =IF(COUNTIFS(Data!$B$2:$B$468,$L7,Data!$I$2:$I$468,N$6,Data!$E$2:$E$468,"DEBIT")>0,1,0) -> 1 | O7: =IF(COUNTIFS(Data!$B$2:$B$468,$L7,Data!$I$2:$I$468,O$6,Data!$E$2:$E$468,"DEBIT")>0,1,0) -> 0 | P7: =IF(COUNTIFS(Data!$B$2:$B$468,$L7,Data!$I$2:$I$468,P$6,Data!$E$2:$E$468,"DEBIT")>0,1,0) -> 1 | Q7: =IF(COUNTIFS(Data!$B$2:$B$468,$L7,Data!$I$2:$I$468,Q$6,Data!$E$2:$E$468,"DEBIT")>0,1,0) -> 1 | R7: =IF(COUNTIFS(Data!$B$2:$B$468,$L7,Data!$I$2:$I$468,R$6,Data!$E$2:$E$468,"DEBIT")>0,1,0) -> 1 | S7: =IF(COUNTIFS(Data!$B$2:$B$468,$L7,Data!$I$2:$I$468,S$6,Data!$E$2:$E$468,"DEBIT")>0,1,0) -> 1 | T7: =IF(COUNTIFS(Data!$B$2:$B$468,$L7,Data!$I$2:$I$468,T$6,Data!$E$2:$E$468,"DEBIT")>0,1,0) -> 1
B8: 43862 | C8: =SUMPRODUCT(($M$7:$M$16=MONTH($B8))*($N$7:$N$16)) -> 0 | D8: =SUMPRODUCT(($M$7:$M$16=MONTH($B8))*($O$7:$O$16)) -> 1 | E8: =SUMPRODUCT(($M$7:$M$16=MONTH($B8))*($P$7:$P$16)) -> 0 | F8: =SUMPRODUCT(($M$7:$M$16=MONTH($B8))*($Q$7:$Q$16)) -> 1 | G8: =SUMPRODUCT(($M$7:$M$16=MONTH($B8))*($R$7:$R$16)) -> 1 | H8: =SUMPRODUCT(($M$7:$M$16=MONTH($B8))*($S$7:$S$16)) -> 0 | I8: =SUMPRODUCT(($M$7:$M$16=MONTH($B8))*($T$7:$T$16)) -> 1 | J8: =COUNTIF($M$7:$M$16,MONTH($B8)) -> 1 | L8: 2 | M8: =MINIFS(Data!$I$2:$I$468,Data!$B$2:$B$468,$L8,Data!$E$2:$E$468,"DEBIT") -> 1 | N8: =IF(COUNTIFS(Data!$B$2:$B$468,$L8,Data!$I$2:$I$468,N$6,Data!$E$2:$E$468,"DEBIT")>0,1,0) -> 1 | O8: =IF(COUNTIFS(Data!$B$2:$B$468,$L8,Data!$I$2:$I$468,O$6,Data!$E$2:$E$468,"DEBIT")>0,1,0) -> 1 | P8: =IF(COUNTIFS(Data!$B$2:$B$468,$L8,Data!$I$2:$I$468,P$6,Data!$E$2:$E$468,"DEBIT")>0,1,0) -> 1 | Q8: =IF(COUNTIFS(Data!$B$2:$B$468,$L8,Data!$I$2:$I$468,Q$6,Data!$E$2:$E$468,"DEBIT")>0,1,0) -> 1 | R8: =IF(COUNTIFS(Data!$B$2:$B$468,$L8,Data!$I$2:$I$468,R$6,Data!$E$2:$E$468,"DEBIT")>0,1,0) -> 1 | S8: =IF(COUNTIFS(Data!$B$2:$B$468,$L8,Data!$I$2:$I$468,S$6,Data!$E$2:$E$468,"DEBIT")>0,1,0) -> 1 | T8: =IF(COUNTIFS(Data!$B$2:$B$468,$L8,Data!$I$2:$I$468,T$6,Data!$E$2:$E$468,"DEBIT")>0,1,0) -> 1
B9: 43891 | C9: =SUMPRODUCT(($M$7:$M$16=MONTH($B9))*($N$7:$N$16)) -> 0 | D9: =SUMPRODUCT(($M$7:$M$16=MONTH($B9))*($O$7:$O$16)) -> 0 | E9: =SUMPRODUCT(($M$7:$M$16=MONTH($B9))*($P$7:$P$16)) -> 1 | F9: =SUMPRODUCT(($M$7:$M$16=MONTH($B9))*($Q$7:$Q$16)) -> 1 | G9: =SUMPRODUCT(($M$7:$M$16=MONTH($B9))*($R$7:$R$16)) -> 1 | H9: =SUMPRODUCT(($M$7:$M$16=MONTH($B9))*($S$7:$S$16)) -> 1 | I9: =SUMPRODUCT(($M$7:$M$16=MONTH($B9))*($T$7:$T$16)) -> 1 | J9: =COUNTIF($M$7:$M$16,MONTH($B9)) -> 1 | L9: 3 | M9: =MINIFS(Data!$I$2:$I$468,Data!$B$2:$B$468,$L9,Data!$E$2:$E$468,"DEBIT") -> 1 | N9: =IF(COUNTIFS(Data!$B$2:$B$468,$L9,Data!$I$2:$I$468,N$6,Data!$E$2:$E$468,"DEBIT")>0,1,0) -> 1 | O9: =IF(COUNTIFS(Data!$B$2:$B$468,$L9,Data!$I$2:$I$468,O$6,Data!$E$2:$E$468,"DEBIT")>0,1,0) -> 1 | P9: =IF(COUNTIFS(Data!$B$2:$B$468,$L9,Data!$I$2:$I$468,P$6,Data!$E$2:$E$468,"DEBIT")>0,1,0) -> 1 | Q9: =IF(COUNTIFS(Data!$B$2:$B$468,$L9,Data!$I$2:$I$468,Q$6,Data!$E$2:$E$468,"DEBIT")>0,1,0) -> 1 | R9: =IF(COUNTIFS(Data!$B$2:$B$468,$L9,Data!$I$2:$I$468,R$6,Data!$E$2:$E$468,"DEBIT")>0,1,0) -> 1 | S9: =IF(COUNTIFS(Data!$B$2:$B$468,$L9,Data!$I$2:$I$468,S$6,Data!$E$2:$E$468,"DEBIT")>0,1,0) -> 1 | T9: =IF(COUNTIFS(Data!$B$2:$B$468,$L9,Data!$I$2:$I$468,T$6,Data!$E$2:$E$468,"DEBIT")>0,1,0) -> 1
B10: 43922 | C10: =SUMPRODUCT(($M$7:$M$16=MONTH($B10))*($N$7:$N$16)) -> 0 | D10: =SUMPRODUCT(($M$7:$M$16=MONTH($B10))*($O$7:$O$16)) -> 0 | E10: =SUMPRODUCT(($M$7:$M$16=MONTH($B10))*($P$7:$P$16)) -> 0 | F10: =SUMPRODUCT(($M$7:$M$16=MONTH($B10))*($Q$7:$Q$16)) -> 0 | G10: =SUMPRODUCT(($M$7:$M$16=MONTH($B10))*($R$7:$R$16)) -> 0 | H10: =SUMPRODUCT(($M$7:$M$16=MONTH($B10))*($S$7:$S$16)) -> 0 | I10: =SUMPRODUCT(($M$7:$M$16=MONTH($B10))*($T$7:$T$16)) -> 0 | J10: =COUNTIF($M$7:$M$16,MONTH($B10)) -> 0 | L10: 4 | M10: =MINIFS(Data!$I$2:$I$468,Data!$B$2:$B$468,$L10,Data!$E$2:$E$468,"DEBIT") -> 3 | N10: =IF(COUNTIFS(Data!$B$2:$B$468,$L10,Data!$I$2:$I$468,N$6,Data!$E$2:$E$468,"DEBIT")>0,1,0) -> 0 | O10: =IF(COUNTIFS(Data!$B$2:$B$468,$L10,Data!$I$2:$I$468,O$6,Data!$E$2:$E$468,"DEBIT")>0,1,0) -> 0 | P10: =IF(COUNTIFS(Data!$B$2:$B$468,$L10,Data!$I$2:$I$468,P$6,Data!$E$2:$E$468,"DEBIT")>0,1,0) -> 1 | Q10: =IF(COUNTIFS(Data!$B$2:$B$468,$L10,Data!$I$2:$I$468,Q$6,Data!$E$2:$E$468,"DEBIT")>0,1,0) -> 1 | R10: =IF(COUNTIFS(Data!$B$2:$B$468,$L10,Data!$I$2:$I$468,R$6,Data!$E$2:$E$468,"DEBIT")>0,1,0) -> 1 | S10: =IF(COUNTIFS(Data!$B$2:$B$468,$L10,Data!$I$2:$I$468,S$6,Data!$E$2:$E$468,"DEBIT")>0,1,0) -> 1 | T10: =IF(COUNTIFS(Data!$B$2:$B$468,$L10,Data!$I$2:$I$468,T$6,Data!$E$2:$E$468,"DEBIT")>0,1,0) -> 1
B11: 43952 | C11: =SUMPRODUCT(($M$7:$M$16=MONTH($B11))*($N$7:$N$16)) -> 0 | D11: =SUMPRODUCT(($M$7:$M$16=MONTH($B11))*($O$7:$O$16)) -> 0 | E11: =SUMPRODUCT(($M$7:$M$16=MONTH($B11))*($P$7:$P$16)) -> 0 | F11: =SUMPRODUCT(($M$7:$M$16=MONTH($B11))*($Q$7:$Q$16)) -> 0 | G11: =SUMPRODUCT(($M$7:$M$16=MONTH($B11))*($R$7:$R$16)) -> 0 | H11: =SUMPRODUCT(($M$7:$M$16=MONTH($B11))*($S$7:$S$16)) -> 0 | I11: =SUMPRODUCT(($M$7:$M$16=MONTH($B11))*($T$7:$T$16)) -> 0 | J11: =COUNTIF($M$7:$M$16,MONTH($B11)) -> 0 | L11: 5 | M11: =MINIFS(Data!$I$2:$I$468,Data!$B$2:$B$468,$L11,Data!$E$2:$E$468,"DEBIT") -> 1 | N11: =IF(COUNTIFS(Data!$B$2:$B$468,$L11,Data!$I$2:$I$468,N$6,Data!$E$2:$E$468,"DEBIT")>0,1,0) -> 1 | O11: =IF(COUNTIFS(Data!$B$2:$B$468,$L11,Data!$I$2:$I$468,O$6,Data!$E$2:$E$468,"DEBIT")>0,1,0) -> 0 | P11: =IF(COUNTIFS(Data!$B$2:$B$468,$L11,Data!$I$2:$I$468,P$6,Data!$E$2:$E$468,"DEBIT")>0,1,0) -> 1 | Q11: =IF(COUNTIFS(Data!$B$2:$B$468,$L11,Data!$I$2:$I$468,Q$6,Data!$E$2:$E$468,"DEBIT")>0,1,0) -> 1 | R11: =IF(COUNTIFS(Data!$B$2:$B$468,$L11,Data!$I$2:$I$468,R$6,Data!$E$2:$E$468,"DEBIT")>0,1,0) -> 1 | S11: =IF(COUNTIFS(Data!$B$2:$B$468,$L11,Data!$I$2:$I$468,S$6,Data!$E$2:$E$468,"DEBIT")>0,1,0) -> 1 | T11: =IF(COUNTIFS(Data!$B$2:$B$468,$L11,Data!$I$2:$I$468,T$6,Data!$E$2:$E$468,"DEBIT")>0,1,0) -> 1
B12: 43983 | C12: =SUMPRODUCT(($M$7:$M$16=MONTH($B12))*($N$7:$N$16)) -> 0 | D12: =SUMPRODUCT(($M$7:$M$16=MONTH($B12))*($O$7:$O$16)) -> 0 | E12: =SUMPRODUCT(($M$7:$M$16=MONTH($B12))*($P$7:$P$16)) -> 0 | F12: =SUMPRODUCT(($M$7:$M$16=MONTH($B12))*($Q$7:$Q$16)) -> 0 | G12: =SUMPRODUCT(($M$7:$M$16=MONTH($B12))*($R$7:$R$16)) -> 0 | H12: =SUMPRODUCT(($M$7:$M$16=MONTH($B12))*($S$7:$S$16)) -> 0 | I12: =SUMPRODUCT(($M$7:$M$16=MONTH($B12))*($T$7:$T$16)) -> 0 | J12: =COUNTIF($M$7:$M$16,MONTH($B12)) -> 0 | L12: 6 | M12: =MINIFS(Data!$I$2:$I$468,Data!$B$2:$B$468,$L12,Data!$E$2:$E$468,"DEBIT") -> 1 | N12: =IF(COUNTIFS(Data!$B$2:$B$468,$L12,Data!$I$2:$I$468,N$6,Data!$E$2:$E$468,"DEBIT")>0,1,0) -> 1 | O12: =IF(COUNTIFS(Data!$B$2:$B$468,$L12,Data!$I$2:$I$468,O$6,Data!$E$2:$E$468,"DEBIT")>0,1,0) -> 0 | P12: =IF(COUNTIFS(Data!$B$2:$B$468,$L12,Data!$I$2:$I$468,P$6,Data!$E$2:$E$468,"DEBIT")>0,1,0) -> 1 | Q12: =IF(COUNTIFS(Data!$B$2:$B$468,$L12,Data!$I$2:$I$468,Q$6,Data!$E$2:$E$468,"DEBIT")>0,1,0) -> 0 | R12: =IF(COUNTIFS(Data!$B$2:$B$468,$L12,Data!$I$2:$I$468,R$6,Data!$E$2:$E$468,"DEBIT")>0,1,0) -> 1 | S12: =IF(COUNTIFS(Data!$B$2:$B$468,$L12,Data!$I$2:$I$468,S$6,Data!$E$2:$E$468,"DEBIT")>0,1,0) -> 0 | T12: =IF(COUNTIFS(Data!$B$2:$B$468,$L12,Data!$I$2:$I$468,T$6,Data!$E$2:$E$468,"DEBIT")>0,1,0) -> 1
B13: 44013 | C13: =SUMPRODUCT(($M$7:$M$16=MONTH($B13))*($N$7:$N$16)) -> 0 | D13: =SUMPRODUCT(($M$7:$M$16=MONTH($B13))*($O$7:$O$16)) -> 0 | E13: =SUMPRODUCT(($M$7:$M$16=MONTH($B13))*($P$7:$P$16)) -> 0 | F13: =SUMPRODUCT(($M$7:$M$16=MONTH($B13))*($Q$7:$Q$16)) -> 0 | G13: =SUMPRODUCT(($M$7:$M$16=MONTH($B13))*($R$7:$R$16)) -> 0 | H13: =SUMPRODUCT(($M$7:$M$16=MONTH($B13))*($S$7:$S$16)) -> 0 | I13: =SUMPRODUCT(($M$7:$M$16=MONTH($B13))*($T$7:$T$16)) -> 0 | J13: =COUNTIF($M$7:$M$16,MONTH($B13)) -> 0 | L13: 7 | M13: =MINIFS(Data!$I$2:$I$468,Data!$B$2:$B$468,$L13,Data!$E$2:$E$468,"DEBIT") -> 1 | N13: =IF(COUNTIFS(Data!$B$2:$B$468,$L13,Data!$I$2:$I$468,N$6,Data!$E$2:$E$468,"DEBIT")>0,1,0) -> 1 | O13: =IF(COUNTIFS(Data!$B$2:$B$468,$L13,Data!$I$2:$I$468,O$6,Data!$E$2:$E$468,"DEBIT")>0,1,0) -> 1 | P13: =IF(COUNTIFS(Data!$B$2:$B$468,$L13,Data!$I$2:$I$468,P$6,Data!$E$2:$E$468,"DEBIT")>0,1,0) -> 1 | Q13: =IF(COUNTIFS(Data!$B$2:$B$468,$L13,Data!$I$2:$I$468,Q$6,Data!$E$2:$E$468,"DEBIT")>0,1,0) -> 1 | R13: =IF(COUNTIFS(Data!$B$2:$B$468,$L13,Data!$I$2:$I$468,R$6,Data!$E$2:$E$468,"DEBIT")>0,1,0) -> 1 | S13: =IF(COUNTIFS(Data!$B$2:$B$468,$L13,Data!$I$2:$I$468,S$6,Data!$E$2:$E$468,"DEBIT")>0,1,0) -> 1 | T13: =IF(COUNTIFS(Data!$B$2:$B$468,$L13,Data!$I$2:$I$468,T$6,Data!$E$2:$E$468,"DEBIT")>0,1,0) -> 1
L14: 8 | M14: =MINIFS(Data!$I$2:$I$468,Data!$B$2:$B$468,$L14,Data!$E$2:$E$468,"DEBIT") -> 1 | N14: =IF(COUNTIFS(Data!$B$2:$B$468,$L14,Data!$I$2:$I$468,N$6,Data!$E$2:$E$468,"DEBIT")>0,1,0) -> 1 | O14: =IF(COUNTIFS(Data!$B$2:$B$468,$L14,Data!$I$2:$I$468,O$6,Data!$E$2:$E$468,"DEBIT")>0,1,0) -> 1 | P14: =IF(COUNTIFS(Data!$B$2:$B$468,$L14,Data!$I$2:$I$468,P$6,Data!$E$2:$E$468,"DEBIT")>0,1,0) -> 1 | Q14: =IF(COUNTIFS(Data!$B$2:$B$468,$L14,Data!$I$2:$I$468,Q$6,Data!$E$2:$E$468,"DEBIT")>0,1,0) -> 1 | R14: =IF(COUNTIFS(Data!$B$2:$B$468,$L14,Data!$I$2:$I$468,R$6,Data!$E$2:$E$468,"DEBIT")>0,1,0) -> 1 | S14: =IF(COUNTIFS(Data!$B$2:$B$468,$L14,Data!$I$2:$I$468,S$6,Data!$E$2:$E$468,"DEBIT")>0,1,0) -> 1 | T14: =IF(COUNTIFS(Data!$B$2:$B$468,$L14,Data!$I$2:$I$468,T$6,Data!$E$2:$E$468,"DEBIT")>0,1,0) -> 1
B15: Same cohort, shown as retention % of cohort size | L15: 9 | M15: =MINIFS(Data!$I$2:$I$468,Data!$B$2:$B$468,$L15,Data!$E$2:$E$468,"DEBIT") -> 2 | N15: =IF(COUNTIFS(Data!$B$2:$B$468,$L15,Data!$I$2:$I$468,N$6,Data!$E$2:$E$468,"DEBIT")>0,1,0) -> 0 | O15: =IF(COUNTIFS(Data!$B$2:$B$468,$L15,Data!$I$2:$I$468,O$6,Data!$E$2:$E$468,"DEBIT")>0,1,0) -> 1 | P15: =IF(COUNTIFS(Data!$B$2:$B$468,$L15,Data!$I$2:$I$468,P$6,Data!$E$2:$E$468,"DEBIT")>0,1,0) -> 0 | Q15: =IF(COUNTIFS(Data!$B$2:$B$468,$L15,Data!$I$2:$I$468,Q$6,Data!$E$2:$E$468,"DEBIT")>0,1,0) -> 1 | R15: =IF(COUNTIFS(Data!$B$2:$B$468,$L15,Data!$I$2:$I$468,R$6,Data!$E$2:$E$468,"DEBIT")>0,1,0) -> 1 | S15: =IF(COUNTIFS(Data!$B$2:$B$468,$L15,Data!$I$2:$I$468,S$6,Data!$E$2:$E$468,"DEBIT")>0,1,0) -> 0 | T15: =IF(COUNTIFS(Data!$B$2:$B$468,$L15,Data!$I$2:$I$468,T$6,Data!$E$2:$E$468,"DEBIT")>0,1,0) -> 1
B16: First Month \ Active Month | C16: 43831 | D16: 43862 | E16: 43891 | F16: 43922 | G16: 43952 | H16: 43983 | I16: 44013 | L16: 10 | M16: =MINIFS(Data!$I$2:$I$468,Data!$B$2:$B$468,$L16,Data!$E$2:$E$468,"DEBIT") -> 1 | N16: =IF(COUNTIFS(Data!$B$2:$B$468,$L16,Data!$I$2:$I$468,N$6,Data!$E$2:$E$468,"DEBIT")>0,1,0) -> 1 | O16: =IF(COUNTIFS(Data!$B$2:$B$468,$L16,Data!$I$2:$I$468,O$6,Data!$E$2:$E$468,"DEBIT")>0,1,0) -> 1 | P16: =IF(COUNTIFS(Data!$B$2:$B$468,$L16,Data!$I$2:$I$468,P$6,Data!$E$2:$E$468,"DEBIT")>0,1,0) -> 1 | Q16: =IF(COUNTIFS(Data!$B$2:$B$468,$L16,Data!$I$2:$I$468,Q$6,Data!$E$2:$E$468,"DEBIT")>0,1,0) -> 1 | R16: =IF(COUNTIFS(Data!$B$2:$B$468,$L16,Data!$I$2:$I$468,R$6,Data!$E$2:$E$468,"DEBIT")>0,1,0) -> 0 | S16: =IF(COUNTIFS(Data!$B$2:$B$468,$L16,Data!$I$2:$I$468,S$6,Data!$E$2:$E$468,"DEBIT")>0,1,0) -> 1 | T16: =IF(COUNTIFS(Data!$B$2:$B$468,$L16,Data!$I$2:$I$468,T$6,Data!$E$2:$E$468,"DEBIT")>0,1,0) -> 1
B17: 43831 | C17: =IFERROR(C7/$J7,"-") -> 1 | D17: =IFERROR(D7/$J7,"-") -> 0.625 | E17: =IFERROR(E7/$J7,"-") -> 1 | F17: =IFERROR(F7/$J7,"-") -> 0.875 | G17: =IFERROR(G7/$J7,"-") -> 0.875 | H17: =IFERROR(H7/$J7,"-") -> 0.875 | I17: =IFERROR(I7/$J7,"-") -> 1
B18: 43862 | C18: =IFERROR(C8/$J8,"-") -> 0 | D18: =IFERROR(D8/$J8,"-") -> 1 | E18: =IFERROR(E8/$J8,"-") -> 0 | F18: =IFERROR(F8/$J8,"-") -> 1 | G18: =IFERROR(G8/$J8,"-") -> 1 | H18: =IFERROR(H8/$J8,"-") -> 0 | I18: =IFERROR(I8/$J8,"-") -> 1
B19: 43891 | C19: =IFERROR(C9/$J9,"-") -> 0 | D19: =IFERROR(D9/$J9,"-") -> 0 | E19: =IFERROR(E9/$J9,"-") -> 1 | F19: =IFERROR(F9/$J9,"-") -> 1 | G19: =IFERROR(G9/$J9,"-") -> 1 | H19: =IFERROR(H9/$J9,"-") -> 1 | I19: =IFERROR(I9/$J9,"-") -> 1
B20: 43922 | C20: =IFERROR(C10/$J10,"-") -> - | D20: =IFERROR(D10/$J10,"-") -> - | E20: =IFERROR(E10/$J10,"-") -> - | F20: =IFERROR(F10/$J10,"-") -> - | G20: =IFERROR(G10/$J10,"-") -> - | H20: =IFERROR(H10/$J10,"-") -> - | I20: =IFERROR(I10/$J10,"-") -> -
B21: 43952 | C21: =IFERROR(C11/$J11,"-") -> - | D21: =IFERROR(D11/$J11,"-") -> - | E21: =IFERROR(E11/$J11,"-") -> - | F21: =IFERROR(F11/$J11,"-") -> - | G21: =IFERROR(G11/$J11,"-") -> - | H21: =IFERROR(H11/$J11,"-") -> - | I21: =IFERROR(I11/$J11,"-") -> -
B22: 43983 | C22: =IFERROR(C12/$J12,"-") -> - | D22: =IFERROR(D12/$J12,"-") -> - | E22: =IFERROR(E12/$J12,"-") -> - | F22: =IFERROR(F12/$J12,"-") -> - | G22: =IFERROR(G12/$J12,"-") -> - | H22: =IFERROR(H12/$J12,"-") -> - | I22: =IFERROR(I12/$J12,"-") -> -
B23: 44013 | C23: =IFERROR(C13/$J13,"-") -> - | D23: =IFERROR(D13/$J13,"-") -> - | E23: =IFERROR(E13/$J13,"-") -> - | F23: =IFERROR(F13/$J13,"-") -> - | G23: =IFERROR(G13/$J13,"-") -> - | H23: =IFERROR(H13/$J13,"-") -> - | I23: =IFERROR(I13/$J13,"-") -> -

Sheet Q5 - Top Decile Users
B2: Q5) Top 10th-Percentile Users by Net Amount (DEBIT − CREDIT)
B3: SQL: window function PERCENT_RANK() over per-user SUM(DEBIT)-SUM(CREDIT); WHERE pct_rank <= 0.10
B5: User ID | C5: Total Debit | D5: Total Credit | E5: Net Amount | F5: Rank | G5: Percentile from top | H5: Top Decile?
B6: 1 | C6: =SUMIFS(Data!$C$2:$C$468,Data!$B$2:$B$468,B6,Data!$E$2:$E$468,"DEBIT") -> 67239 | D6: =SUMIFS(Data!$C$2:$C$468,Data!$B$2:$B$468,B6,Data!$E$2:$E$468,"CREDIT") -> 111143 | E6: =C6-D6 -> -43904 | F6: =RANK(E6,$E$6:$E$15,0) -> 4 | G6: =(F6-1)/(COUNT($E$6:$E$15)-1) -> 0.33333333 | H6: =IF(G6<=0.1,"YES","No") -> No
B7: 2 | C7: =SUMIFS(Data!$C$2:$C$468,Data!$B$2:$B$468,B7,Data!$E$2:$E$468,"DEBIT") -> 64380 | D7: =SUMIFS(Data!$C$2:$C$468,Data!$B$2:$B$468,B7,Data!$E$2:$E$468,"CREDIT") -> 202716 | E7: =C7-D7 -> -138336 | F7: =RANK(E7,$E$6:$E$15,0) -> 9 | G7: =(F7-1)/(COUNT($E$6:$E$15)-1) -> 0.88888889 | H7: =IF(G7<=0.1,"YES","No") -> No
B8: 3 | C8: =SUMIFS(Data!$C$2:$C$468,Data!$B$2:$B$468,B8,Data!$E$2:$E$468,"DEBIT") -> 106386 | D8: =SUMIFS(Data!$C$2:$C$468,Data!$B$2:$B$468,B8,Data!$E$2:$E$468,"CREDIT") -> 130583 | E8: =C8-D8 -> -24197 | F8: =RANK(E8,$E$6:$E$15,0) -> 1 | G8: =(F8-1)/(COUNT($E$6:$E$15)-1) -> 0 | H8: =IF(G8<=0.1,"YES","No") -> YES
B9: 4 | C9: =SUMIFS(Data!$C$2:$C$468,Data!$B$2:$B$468,B9,Data!$E$2:$E$468,"DEBIT") -> 100477 | D9: =SUMIFS(Data!$C$2:$C$468,Data!$B$2:$B$468,B9,Data!$E$2:$E$468,"CREDIT") -> 178960 | E9: =C9-D9 -> -78483 | F9: =RANK(E9,$E$6:$E$15,0) -> 5 | G9: =(F9-1)/(COUNT($E$6:$E$15)-1) -> 0.44444444 | H9: =IF(G9<=0.1,"YES","No") -> No
B10: 5 | C10: =SUMIFS(Data!$C$2:$C$468,Data!$B$2:$B$468,B10,Data!$E$2:$E$468,"DEBIT") -> 56298 | D10: =SUMIFS(Data!$C$2:$C$468,Data!$B$2:$B$468,B10,Data!$E$2:$E$468,"CREDIT") -> 195126 | E10: =C10-D10 -> -138828 | F10: =RANK(E10,$E$6:$E$15,0) -> 10 | G10: =(F10-1)/(COUNT($E$6:$E$15)-1) -> 1 | H10: =IF(G10<=0.1,"YES","No") -> No
B11: 6 | C11: =SUMIFS(Data!$C$2:$C$468,Data!$B$2:$B$468,B11,Data!$E$2:$E$468,"DEBIT") -> 45470 | D11: =SUMIFS(Data!$C$2:$C$468,Data!$B$2:$B$468,B11,Data!$E$2:$E$468,"CREDIT") -> 171099 | E11: =C11-D11 -> -125629 | F11: =RANK(E11,$E$6:$E$15,0) -> 8 | G11: =(F11-1)/(COUNT($E$6:$E$15)-1) -> 0.77777778 | H11: =IF(G11<=0.1,"YES","No") -> No
B12: 7 | C12: =SUMIFS(Data!$C$2:$C$468,Data!$B$2:$B$468,B12,Data!$E$2:$E$468,"DEBIT") -> 69726 | D12: =SUMIFS(Data!$C$2:$C$468,Data!$B$2:$B$468,B12,Data!$E$2:$E$468,"CREDIT") -> 164918 | E12: =C12-D12 -> -95192 | F12: =RANK(E12,$E$6:$E$15,0) -> 6 | G12: =(F12-1)/(COUNT($E$6:$E$15)-1) -> 0.55555556 | H12: =IF(G12<=0.1,"YES","No") -> No
B13: 8 | C13: =SUMIFS(Data!$C$2:$C$468,Data!$B$2:$B$468,B13,Data!$E$2:$E$468,"DEBIT") -> 120477 | D13: =SUMIFS(Data!$C$2:$C$468,Data!$B$2:$B$468,B13,Data!$E$2:$E$468,"CREDIT") -> 144687 | E13: =C13-D13 -> -24210 | F13: =RANK(E13,$E$6:$E$15,0) -> 2 | G13: =(F13-1)/(COUNT($E$6:$E$15)-1) -> 0.11111111 | H13: =IF(G13<=0.1,"YES","No") -> No
B14: 9 | C14: =SUMIFS(Data!$C$2:$C$468,Data!$B$2:$B$468,B14,Data!$E$2:$E$468,"DEBIT") -> 50453 | D14: =SUMIFS(Data!$C$2:$C$468,Data!$B$2:$B$468,B14,Data!$E$2:$E$468,"CREDIT") -> 162363 | E14: =C14-D14 -> -111910 | F14: =RANK(E14,$E$6:$E$15,0) -> 7 | G14: =(F14-1)/(COUNT($E$6:$E$15)-1) -> 0.66666667 | H14: =IF(G14<=0.1,"YES","No") -> No
B15: 10 | C15: =SUMIFS(Data!$C$2:$C$468,Data!$B$2:$B$468,B15,Data!$E$2:$E$468,"DEBIT") -> 86404 | D15: =SUMIFS(Data!$C$2:$C$468,Data!$B$2:$B$468,B15,Data!$E$2:$E$468,"CREDIT") -> 126883 | E15: =C15-D15 -> -40479 | F15: =RANK(E15,$E$6:$E$15,0) -> 3 | G15: =(F15-1)/(COUNT($E$6:$E$15)-1) -> 0.22222222 | H15: =IF(G15<=0.1,"YES","No") -> No
B17: Top ranked user (top 10th percentile) | E17: {="User "&INDEX($B$6:$B$15,MATCH(1,$F$6:$F$15,0))} -> User 3
B19: With only 10 unique users in this sample, the top 10th percentile = the single top-ranked user. All users show CREDIT > DEBIT i.e. a negative net amount; "highest" net = least negative.
